{
  "mse": 30130806.484679013,
  "rmse": 5489.153530798625,
  "mae": 0.0,
  "r2": 0.6978087677205266
}